{"cameraMode":{"drawMode":0,"name":"Shaded","section":"Shading Mode"},"sceneLighting":false,"audioPlay":false,"sceneViewState":{"m_AlwaysRefresh":false,"showFog":true,"showSkybox":false,"showFlares":true,"showImageEffects":true,"showParticleSystems":true,"showVisualEffectGraphs":true,"m_FxEnabled":true},"in2DMode":false,"pivot":{"x":-0.042931973934173587,"y":1.9299999475479127,"z":0.7400000095367432},"rotation":{"x":0.34044647216796877,"y":-0.00564144691452384,"z":0.0020427037961781027,"w":0.9402452707290649},"size":2.0549871921539308,"orthographic":false}